id,test_pred,test_label
0,48,48
1,46,46
2,13,1
3,49,41
4,40,40
5,45,34
6,34,34
7,1,12
8,26,5
9,0,0
10,38,38
11,52,52
12,23,23
13,23,23
14,43,43
15,18,18
16,0,0
17,0,0
18,16,16
19,13,13
20,13,13
21,13,13
22,25,25
23,25,25
24,0,0
25,16,16
26,43,43
27,45,45
28,31,31
29,3,3
30,3,3
31,3,3
32,3,3
33,48,48
34,22,22
35,22,22
36,45,45
37,45,45
38,46,46
39,0,0
40,52,52
41,13,13
42,13,13
43,45,45
44,43,45
45,45,45
46,14,14
47,14,14
48,1,1
49,13,13
50,10,22
51,18,41
52,34,34
53,34,34
54,45,45
55,28,45
56,13,13
57,32,0
58,46,46
59,52,46
60,13,13
61,8,8
62,24,24
63,12,45
64,13,13
65,13,13
66,13,13
67,13,13
68,0,0
69,0,0
70,45,45
71,22,22
72,40,40
73,45,43
74,22,22
75,24,24
76,45,45
77,45,45
78,45,45
79,52,52
80,20,45
81,45,45
82,25,25
83,25,25
84,22,22
85,24,24
86,40,40
87,40,40
88,13,13
89,45,45
90,22,22
91,22,22
92,14,14
93,56,56
94,4,22
95,1,1
96,31,31
97,6,45
98,12,12
99,57,57
100,0,0
101,13,13
102,25,25
103,45,45
104,23,23
105,2,13
106,16,3
107,25,25
108,48,48
109,45,45
110,45,45
111,52,52
112,1,1
113,45,45
114,22,22
115,22,22
116,13,13
117,14,14
118,48,48
119,45,45
120,36,45
121,22,22
122,34,34
123,40,40
124,0,0
125,31,31
126,16,16
127,10,22
128,0,0
129,31,31
130,22,22
131,13,13
132,40,40
133,13,13
134,50,46
135,43,57
136,13,13
137,22,22
138,22,22
139,22,22
140,13,45
141,45,45
142,45,45
143,45,45
144,13,13
145,23,23
146,46,46
147,13,13
148,45,45
149,13,13
150,22,22
151,34,34
152,23,23
153,48,23
154,34,34
155,43,43
156,48,48
157,45,45
158,1,1
159,40,40
160,52,52
161,43,43
162,45,45
163,48,48
164,48,48
165,38,38
166,13,13
167,18,18
168,18,31
169,3,3
170,22,22
171,0,0
172,40,40
173,40,40
174,45,45
175,0,0
176,31,31
177,22,16
178,3,16
179,45,45
180,35,35
181,34,34
182,22,22
183,22,22
184,29,29
185,18,18
186,18,18
187,45,7
188,26,22
189,18,18
190,22,22
191,0,0
192,45,45
193,45,45
194,6,22
195,45,45
196,45,45
197,12,45
198,45,45
199,45,45
200,0,0
201,34,34
202,22,22
203,25,25
204,13,13
205,57,57
206,22,22
207,38,38
208,0,0
209,52,52
210,1,1
211,36,45
212,16,3
213,13,13
214,0,0
215,25,25
216,23,23
217,38,38
218,56,56
219,22,22
220,16,14
221,22,22
222,13,13
223,45,45
224,43,43
225,13,13
226,35,35
227,13,18
228,0,22
229,25,25
230,14,14
231,40,40
232,3,3
233,12,13
234,12,13
235,13,13
236,56,56
237,22,22
238,22,22
239,1,1
240,1,1
241,45,45
242,0,0
243,52,52
244,48,52
245,13,13
246,45,45
247,22,22
248,23,23
249,45,45
250,52,46
251,46,46
252,1,1
253,13,13
254,16,16
255,43,43
256,22,22
257,0,0
258,13,13
259,45,45
260,13,13
261,13,13
262,24,24
263,40,40
264,34,34
265,25,25
266,0,0
267,13,13
268,22,22
269,22,22
270,0,0
271,22,22
272,57,57
273,14,14
274,23,23
275,22,22
276,35,35
277,14,14
278,23,23
279,13,13
280,13,13
281,23,23
282,22,22
283,45,45
284,52,52
285,57,57
286,13,13
287,13,13
288,45,45
289,34,34
290,28,28
291,35,35
292,48,48
293,13,13
294,57,57
295,12,43
296,57,43
297,40,40
298,18,18
299,22,22
300,22,22
301,52,52
302,45,45
303,31,31
304,40,40
305,8,40
306,49,22
307,0,0
308,32,22
309,18,18
310,57,57
311,57,57
312,45,45
313,56,56
314,16,16
315,16,16
316,45,45
317,28,45
318,23,23
319,13,13
320,0,0
321,43,43
322,21,43
323,22,22
324,48,48
325,34,34
326,13,13
327,45,45
328,34,34
329,1,1
330,45,45
331,48,48
332,18,18
333,45,45
334,45,45
335,45,45
336,31,31
337,56,56
338,43,57
339,3,3
340,45,7
341,43,43
342,45,45
343,18,18
344,18,18
345,45,45
346,57,57
347,57,57
348,22,22
349,45,45
350,6,6
351,1,31
352,12,48
353,0,0
354,0,0
355,12,40
356,3,3
357,42,3
358,32,3
359,48,48
360,14,48
361,52,52
362,49,57
363,13,13
364,0,0
365,22,22
366,22,22
367,46,46
368,46,46
369,29,46
370,45,12
371,13,13
372,45,45
373,40,40
374,18,18
375,22,22
376,16,16
377,13,13
378,1,31
379,1,18
380,13,13
381,45,45
382,1,1
383,56,56
384,22,22
385,40,40
386,38,38
387,31,31
388,22,22
389,22,22
390,13,13
391,13,13
392,0,0
393,48,48
394,16,16
395,16,16
396,1,1
397,1,1
398,57,57
399,57,57
400,36,57
401,57,57
402,22,22
403,22,22
404,57,57
405,45,45
406,43,43
407,18,18
408,45,45
409,0,0
410,16,16
411,13,13
412,3,3
413,34,34
414,22,22
415,40,40
416,9,16
417,39,38
418,0,0
419,16,16
420,22,22
421,0,0
422,0,0
423,56,56
424,34,34
425,45,45
426,45,45
427,1,1
428,1,1
429,13,13
430,22,22
431,1,1
432,45,45
433,48,48
434,8,8
435,45,45
436,40,40
437,22,22
438,18,18
439,22,22
440,45,45
441,3,3
442,13,13
443,13,13
444,22,22
445,22,22
446,45,28
447,22,22
448,23,23
449,13,13
450,13,13
451,32,3
452,8,8
453,45,45
454,45,45
455,45,45
456,45,45
457,40,40
458,45,45
459,25,25
460,22,22
461,56,56
462,56,56
463,45,45
464,3,3
465,40,40
466,40,40
467,13,13
468,6,43
469,45,45
470,46,46
471,46,46
472,45,45
473,0,0
474,56,56
475,1,1
476,0,0
477,49,0
478,3,3
479,0,0
480,56,56
481,5,23
482,22,22
483,13,13
484,22,22
485,34,34
486,1,1
487,3,3
488,0,0
489,13,13
490,22,22
491,0,0
492,45,45
493,23,23
494,34,34
495,34,34
496,45,45
497,40,40
498,1,1
499,52,52
500,52,52
501,4,4
502,45,45
503,18,18
504,18,18
505,3,3
506,42,3
507,7,7
508,43,43
509,45,45
510,13,13
511,22,22
512,22,22
513,1,1
514,22,22
515,8,8
516,12,16
517,0,0
518,13,13
519,40,40
520,32,22
521,22,22
522,7,7
523,43,43
524,45,45
525,45,45
526,38,0
527,45,45
528,12,12
529,12,12
530,56,56
531,45,45
532,23,23
533,23,23
534,40,40
535,45,45
536,46,46
537,57,57
538,46,24
539,39,43
540,56,56
541,43,43
542,45,45
543,45,45
544,50,50
545,48,48
546,22,22
547,31,31
548,0,0
549,13,13
550,45,45
551,3,3
552,31,31
553,3,3
554,8,8
555,13,13
556,13,13
557,56,56
558,56,56
559,56,56
560,8,8
561,22,22
562,25,25
563,13,13
564,13,13
565,49,14
566,0,0
567,8,25
568,40,40
569,31,40
570,1,1
571,48,48
572,45,45
573,45,45
574,13,13
575,13,13
576,13,13
577,3,3
578,56,56
579,13,13
580,45,45
581,45,45
582,52,52
583,0,0
584,0,0
585,13,13
586,46,46
587,35,35
588,45,45
589,35,35
590,45,45
591,45,45
592,13,13
593,13,13
594,59,45
595,13,13
596,41,41
597,38,38
598,45,45
599,1,1
600,1,1
601,45,45
602,45,45
603,45,45
604,45,45
605,0,0
606,56,56
607,40,40
608,22,22
609,46,46
610,46,46
611,13,13
612,14,14
613,18,18
614,26,12
615,50,50
616,22,22
617,22,22
618,0,0
619,13,13
620,22,22
621,22,22
622,45,45
623,57,57
624,0,38
625,3,3
626,12,1
627,43,43
628,45,45
629,48,48
630,48,48
631,31,1
632,23,23
633,45,45
634,45,45
635,45,45
636,0,0
637,45,45
638,1,1
639,57,57
640,57,57
641,22,22
642,48,48
643,18,18
644,23,23
645,8,8
646,8,8
647,45,45
648,45,45
649,13,13
650,40,40
651,35,35
652,46,46
653,43,43
654,22,22
655,52,52
656,31,31
657,16,16
658,46,46
659,46,46
660,34,34
661,13,13
662,45,45
663,57,57
664,23,23
665,18,18
666,23,23
667,23,23
668,22,20
669,45,45
670,45,45
671,45,45
672,28,43
673,13,13
674,0,0
675,45,45
676,45,45
677,28,45
678,48,48
679,31,40
680,0,0
681,22,22
682,34,34
683,52,52
684,22,22
685,35,8
686,8,8
687,45,45
688,45,45
689,34,34
690,16,3
691,45,45
692,0,0
693,40,40
694,23,48
695,56,56
696,43,43
697,40,40
698,14,14
699,13,13
700,38,38
701,45,45
702,12,22
703,23,23
704,9,3
705,23,23
706,13,13
707,45,45
708,3,3
709,23,23
710,45,45
711,8,8
712,14,29
713,14,29
714,13,13
715,40,40
716,34,34
717,1,1
718,22,22
719,22,22
720,0,0
721,0,0
722,0,0
723,57,57
724,24,24
725,45,45
726,13,13
727,25,25
728,25,25
729,3,3
730,13,13
731,45,45
732,13,0
733,34,34
734,46,46
735,56,56
736,1,1
737,1,1
738,1,1
739,0,0
740,0,0
741,22,22
742,13,13
743,45,28
744,56,56
745,56,56
746,45,45
747,18,18
748,13,13
749,18,1
750,45,45
751,38,0
752,13,13
753,13,13
754,48,48
755,27,27
756,0,0
757,40,40
758,40,40
759,13,13
760,14,45
761,0,0
762,23,23
763,13,13
764,13,13
765,13,13
766,22,22
767,22,22
768,13,13
769,13,13
770,57,57
771,13,13
772,13,13
773,56,56
774,56,56
775,13,13
776,45,45
777,49,3
778,0,0
779,45,45
780,13,13
781,13,13
782,13,13
783,22,22
784,22,22
785,27,22
786,0,0
787,1,1
788,13,13
789,16,16
790,45,45
791,43,43
792,56,56
793,57,57
794,22,22
795,0,0
796,45,45
797,50,50
798,0,48
799,4,22
800,13,13
801,8,24
802,24,24
803,29,29
804,46,46
805,48,48
806,46,46
807,22,22
808,0,0
809,43,43
810,43,43
811,23,23
812,13,13
813,13,13
814,45,45
815,14,14
816,0,0
817,52,52
818,13,13
819,49,22
820,0,0
821,23,23
822,0,0
823,13,13
824,56,56
825,24,24
826,1,1
827,43,43
828,0,0
829,1,1
830,14,14
831,53,46
832,22,22
833,45,45
834,42,38
835,12,48
836,23,23
837,46,46
838,13,13
839,45,43
840,0,0
841,0,0
842,43,43
843,22,50
844,31,31
845,45,45
846,25,25
847,13,13
848,52,52
849,45,45
850,48,48
851,13,13
852,3,3
853,0,0
854,22,22
855,12,1
856,0,0
857,45,45
858,8,8
859,49,49
860,25,45
861,25,25
862,43,43
863,56,56
864,8,8
865,46,46
866,43,45
867,23,23
868,13,13
869,56,56
870,18,18
871,22,22
872,56,56
873,1,1
874,0,0
875,13,13
876,13,13
877,13,13
878,48,48
879,31,31
880,59,8
881,48,48
882,45,45
883,13,13
884,48,48
885,13,13
886,52,52
887,23,52
888,12,45
889,23,23
890,12,22
891,2,2
892,0,0
893,45,45
894,56,56
895,28,28
896,40,40
897,40,40
898,45,45
899,45,45
900,45,45
901,31,31
902,13,13
903,49,22
904,43,43
905,43,43
906,31,31
907,38,38
908,35,35
909,46,46
910,0,0
911,43,43
912,40,40
913,22,22
914,57,57
915,43,43
916,57,57
917,22,22
918,45,45
919,45,45
920,22,22
921,52,48
922,22,22
923,22,22
924,13,13
925,0,0
926,45,45
927,13,13
928,3,3
929,45,45
930,34,34
931,0,38
932,38,38
933,13,13
934,50,0
935,45,45
936,31,31
937,0,0
938,48,48
939,22,22
940,50,45
941,8,8
942,45,45
943,3,3
944,22,22
945,22,22
946,45,45
947,45,45
948,0,0
949,13,13
950,13,13
951,13,13
952,13,13
953,48,48
954,35,35
955,16,16
956,38,38
957,40,18
958,38,38
959,13,13
960,46,46
961,42,13
962,43,43
963,57,57
964,46,46
965,3,3
966,57,57
967,45,45
968,48,48
969,16,16
970,1,18
971,18,18
972,13,13
973,13,13
974,46,29
975,40,40
976,13,13
977,45,45
978,16,3
979,35,35
980,36,57
981,49,57
982,45,45
983,48,48
984,45,45
985,13,48
986,0,0
987,13,13
988,8,8
989,45,45
990,13,13
991,0,0
992,0,0
993,45,45
994,22,22
995,43,43
996,34,34
997,0,0
998,45,45
999,13,13
1000,13,13
1001,18,18
1002,12,13
1003,54,0
1004,13,13
1005,0,0
1006,13,13
1007,29,29
1008,45,45
1009,12,45
1010,39,35
1011,13,13
1012,16,16
1013,8,8
1014,13,13
1015,22,22
1016,8,8
1017,23,23
1018,45,28
1019,45,28
1020,56,56
1021,22,22
1022,22,22
1023,45,45
1024,25,25
1025,11,13
1026,22,13
1027,46,46
1028,16,16
1029,45,45
1030,23,23
1031,22,22
1032,1,31
1033,13,13
1034,0,0
1035,36,57
1036,57,57
1037,31,31
1038,13,13
1039,13,13
1040,13,13
1041,45,45
1042,56,56
1043,13,13
1044,40,40
1045,21,45
1046,13,13
1047,41,40
1048,45,45
1049,56,56
1050,56,56
1051,46,46
1052,13,13
1053,42,3
1054,40,40
1055,40,40
1056,22,22
1057,48,48
1058,13,13
1059,23,23
1060,13,13
1061,43,43
1062,16,16
1063,13,13
1064,0,0
1065,13,13
1066,22,22
1067,57,57
1068,25,25
1069,13,13
1070,34,34
1071,52,52
1072,46,46
1073,13,13
1074,18,18
1075,13,13
1076,13,13
1077,12,12
1078,13,13
1079,12,12
1080,12,12
1081,32,12
1082,32,12
1083,12,12
1084,26,12
1085,12,12
1086,12,12
1087,56,12
1088,12,12
1089,5,12
1090,26,12
1091,12,12
1092,12,12
1093,12,12
1094,13,13
1095,12,12
1096,12,12
1097,12,12
1098,11,12
1099,9,12
1100,12,12
1101,59,12
1102,12,12
1103,32,12
1104,51,12
1105,12,12
1106,12,12
1107,12,12
1108,12,12
1109,12,12
1110,19,19
1111,32,32
1112,12,12
1113,22,22
1114,55,55
1115,59,12
1116,22,12
1117,22,12
1118,12,12
1119,12,12
1120,42,42
1121,12,12
1122,22,22
1123,13,13
1124,12,12
1125,5,12
1126,22,12
1127,12,12
1128,12,12
1129,12,12
1130,12,12
1131,12,12
1132,57,12
1133,19,12
1134,22,12
1135,26,12
1136,12,12
1137,13,12
1138,22,12
1139,12,12
1140,17,12
1141,42,12
1142,22,12
1143,27,27
1144,12,12
1145,12,12
1146,12,12
1147,12,12
1148,12,12
1149,5,12
1150,50,50
1151,9,9
1152,12,12
1153,45,12
1154,12,12
1155,49,12
1156,39,12
1157,12,12
1158,12,12
1159,9,12
1160,43,12
1161,5,12
1162,12,12
1163,12,12
1164,12,12
1165,22,12
1166,12,12
1167,12,12
1168,12,12
1169,22,22
1170,55,12
1171,12,12
1172,51,51
1173,19,12
1174,12,12
1175,59,12
1176,12,12
1177,9,12
1178,58,12
1179,12,12
1180,50,12
1181,22,22
1182,22,22
1183,12,12
1184,12,12
1185,22,12
1186,12,12
1187,30,30
1188,49,12
1189,32,32
1190,50,50
1191,30,30
1192,30,30
1193,50,50
1194,12,12
1195,50,50
1196,50,50
1197,32,32
1198,30,30
1199,30,30
1200,50,50
1201,50,50
1202,32,32
1203,50,50
1204,30,30
1205,32,32
1206,32,32
1207,50,50
1208,50,50
1209,50,50
1210,32,32
1211,50,50
1212,32,32
1213,50,50
1214,50,50
1215,36,32
1216,55,32
1217,50,50
1218,50,50
1219,50,50
1220,32,32
1221,30,30
1222,50,50
1223,0,32
1224,30,30
1225,50,50
1226,50,50
1227,32,32
1228,32,30
1229,50,50
1230,32,50
1231,50,50
1232,22,32
1233,50,32
1234,50,50
1235,50,50
1236,59,32
1237,32,32
1238,50,50
1239,30,30
1240,50,50
1241,50,50
1242,32,32
1243,32,32
1244,30,30
1245,6,6
1246,50,50
1247,50,50
1248,50,50
1249,50,50
1250,50,50
1251,50,50
1252,50,50
1253,30,30
1254,30,30
1255,50,50
1256,50,50
1257,32,32
1258,6,32
1259,30,30
1260,32,32
1261,50,50
1262,50,50
1263,32,32
1264,50,50
1265,50,50
1266,50,50
1267,32,12
1268,50,50
1269,48,50
1270,32,32
1271,32,32
1272,50,50
1273,50,50
1274,50,50
1275,50,50
1276,12,12
1277,32,32
1278,32,32
1279,32,32
1280,50,50
1281,50,50
1282,50,50
1283,32,32
1284,50,50
1285,50,50
1286,30,30
1287,52,50
1288,30,50
1289,50,50
1290,30,30
1291,30,30
1292,59,32
1293,32,32
1294,22,32
1295,13,44
1296,50,50
1297,32,32
1298,32,32
1299,50,50
1300,50,50
1301,50,50
1302,50,50
1303,50,50
1304,32,32
1305,50,50
1306,32,32
1307,50,50
1308,30,30
1309,32,32
1310,32,32
1311,50,50
1312,4,32
1313,0,50
1314,50,50
1315,32,32
1316,50,50
1317,50,50
1318,50,50
1319,50,50
1320,50,50
1321,50,50
1322,50,50
1323,50,50
1324,50,32
1325,32,32
1326,50,50
1327,50,50
1328,50,50
1329,50,50
1330,30,30
1331,32,32
1332,50,50
1333,50,50
1334,50,50
1335,30,30
1336,32,32
1337,50,50
1338,50,50
1339,30,30
1340,50,50
1341,32,32
1342,32,32
1343,50,50
1344,50,50
1345,50,50
1346,50,50
1347,50,50
1348,50,50
1349,30,30
1350,50,50
1351,32,32
1352,50,50
1353,50,50
1354,50,50
1355,32,32
1356,50,50
1357,50,50
1358,32,32
1359,30,30
1360,30,30
1361,50,50
1362,32,32
1363,50,50
1364,50,50
1365,50,50
1366,30,30
1367,22,22
1368,30,30
1369,32,32
1370,0,32
1371,30,30
1372,30,30
1373,30,30
1374,22,50
1375,50,50
1376,59,32
1377,30,30
1378,50,50
1379,50,50
1380,50,50
1381,30,30
1382,32,32
1383,6,32
1384,30,30
1385,50,50
1386,50,50
1387,32,32
1388,50,50
1389,50,50
1390,32,32
1391,32,32
1392,32,50
1393,50,50
1394,30,30
1395,30,30
1396,50,50
1397,50,50
1398,32,32
1399,6,32
1400,0,0
1401,50,50
1402,50,50
1403,32,32
1404,32,32
1405,32,32
1406,30,30
1407,32,32
1408,32,32
1409,50,50
1410,50,50
1411,32,32
1412,50,50
1413,33,33
1414,50,50
1415,50,50
1416,32,32
1417,32,32
1418,50,50
1419,50,50
1420,32,32
1421,50,50
1422,32,32
1423,32,32
1424,32,32
1425,30,30
1426,0,32
1427,50,50
1428,50,50
1429,32,32
1430,30,30
1431,50,50
1432,50,50
1433,50,50
1434,50,50
1435,50,50
1436,50,50
1437,30,30
1438,50,50
1439,30,30
1440,50,50
1441,50,50
1442,50,50
1443,50,50
1444,30,30
1445,22,22
1446,32,12
1447,6,12
1448,32,32
1449,0,0
1450,50,50
1451,32,32
1452,50,50
1453,50,50
1454,50,50
1455,50,50
1456,50,50
1457,50,50
1458,32,12
1459,32,32
1460,30,30
1461,30,30
1462,50,50
1463,50,50
1464,50,50
1465,32,32
1466,30,30
1467,30,30
1468,50,50
1469,50,50
1470,50,50
1471,50,50
1472,32,32
1473,32,32
1474,50,50
1475,32,32
1476,50,50
1477,59,32
1478,32,32
1479,32,32
1480,30,30
1481,50,50
1482,50,32
1483,50,50
1484,50,50
1485,50,50
1486,50,50
1487,32,32
1488,30,30
1489,50,50
1490,50,50
1491,32,32
1492,50,50
1493,50,50
1494,50,50
1495,30,30
1496,50,50
1497,50,50
1498,50,50
1499,50,50
1500,50,50
1501,30,30
1502,32,32
1503,30,30
1504,32,32
1505,32,32
1506,0,32
1507,32,32
1508,50,50
1509,50,50
1510,50,48
1511,30,30
1512,48,48
1513,32,32
1514,50,50
1515,32,32
1516,32,32
1517,30,30
1518,30,30
1519,32,32
1520,32,32
1521,32,32
1522,32,32
1523,32,32
1524,32,6
1525,32,32
1526,50,50
1527,32,32
1528,32,32
1529,30,30
1530,30,30
1531,50,50
1532,48,48
1533,50,50
1534,50,50
1535,48,48
1536,30,30
1537,50,50
1538,32,32
1539,50,50
1540,50,50
1541,32,32
1542,32,32
1543,32,32
1544,30,30
1545,12,50
1546,50,50
1547,30,30
1548,50,32
1549,50,50
1550,50,50
1551,50,50
1552,32,32
1553,32,50
1554,50,50
1555,30,30
1556,50,50
1557,32,50
1558,30,30
1559,32,32
1560,50,50
1561,30,30
1562,50,32
1563,30,30
1564,32,32
1565,32,50
1566,50,50
1567,50,50
1568,50,50
1569,32,32
1570,50,50
1571,30,30
1572,30,30
1573,30,30
1574,32,32
1575,32,32
1576,32,50
1577,50,50
1578,50,50
1579,50,32
1580,32,32
1581,32,50
1582,32,32
1583,3,49
1584,32,32
1585,50,50
1586,50,50
1587,50,50
1588,32,32
1589,30,30
1590,32,50
1591,28,50
1592,30,30
1593,32,32
1594,32,32
1595,36,36
1596,36,36
1597,36,36
1598,36,36
1599,36,36
1600,36,36
1601,36,36
1602,36,36
1603,36,36
1604,36,36
1605,36,36
1606,36,36
1607,36,36
1608,36,36
1609,36,36
1610,24,36
1611,36,36
1612,36,36
1613,45,36
1614,36,36
1615,36,36
1616,36,36
1617,36,36
1618,36,36
1619,36,36
1620,45,36
1621,36,36
1622,36,36
1623,36,36
1624,36,36
1625,36,36
1626,36,36
1627,36,36
1628,45,36
1629,36,36
1630,36,36
1631,36,36
1632,36,36
1633,36,36
1634,36,36
1635,36,36
1636,36,36
1637,45,45
1638,45,45
1639,36,36
1640,36,36
1641,36,36
1642,36,36
1643,36,36
1644,36,36
1645,36,36
1646,36,36
1647,36,36
1648,36,36
1649,36,36
1650,36,36
1651,36,36
1652,36,36
1653,36,36
1654,45,36
1655,36,36
1656,36,36
1657,36,36
1658,22,58
1659,36,36
1660,36,36
1661,36,36
1662,36,36
1663,36,36
1664,36,36
1665,36,36
1666,36,36
1667,36,36
1668,36,36
1669,36,36
1670,45,45
1671,45,20
1672,20,20
1673,20,20
1674,45,20
1675,20,20
1676,20,20
1677,20,20
1678,20,20
1679,36,20
1680,45,45
1681,36,45
1682,20,20
1683,20,20
1684,20,20
1685,20,20
1686,45,45
1687,45,20
1688,20,20
1689,46,20
1690,46,20
1691,20,20
1692,20,20
1693,20,20
1694,45,45
1695,20,45
1696,20,20
1697,20,20
1698,20,20
1699,20,20
1700,20,20
1701,20,20
1702,20,20
1703,20,20
1704,20,20
1705,20,20
1706,20,20
1707,20,20
1708,20,20
1709,36,20
1710,20,20
1711,58,20
1712,20,20
1713,20,20
1714,45,20
1715,9,9
1716,9,9
1717,9,9
1718,9,9
1719,9,9
1720,9,9
1721,9,9
1722,9,9
1723,49,9
1724,9,9
1725,9,9
1726,9,9
1727,9,9
1728,9,9
1729,9,9
1730,9,9
1731,9,9
1732,9,9
1733,49,9
1734,9,9
1735,9,9
1736,9,9
1737,9,9
1738,9,9
1739,9,9
1740,9,9
1741,9,9
1742,9,9
1743,9,9
1744,59,9
1745,9,9
1746,9,9
1747,9,9
1748,9,9
1749,9,9
1750,9,9
1751,12,9
1752,9,9
1753,9,9
1754,9,9
1755,9,9
1756,9,9
1757,9,9
1758,9,9
1759,9,9
1760,26,9
1761,9,9
1762,9,9
1763,9,9
1764,9,9
1765,9,9
1766,9,9
1767,9,9
1768,9,9
1769,9,9
1770,9,9
1771,9,9
1772,9,9
1773,9,9
1774,9,9
1775,9,9
1776,9,9
1777,9,9
1778,9,9
1779,9,9
1780,9,9
1781,9,9
1782,13,9
1783,9,9
1784,51,51
1785,51,51
1786,51,51
1787,51,51
1788,51,51
1789,51,51
1790,51,51
1791,51,51
1792,51,51
1793,51,51
1794,51,51
1795,51,51
1796,51,51
1797,51,51
1798,51,51
1799,51,51
1800,51,51
1801,20,51
1802,51,51
1803,20,51
1804,51,51
1805,51,51
1806,20,51
1807,51,51
1808,45,51
1809,51,51
1810,51,51
1811,51,51
1812,51,51
1813,51,51
1814,51,51
1815,51,51
1816,51,51
1817,51,51
1818,22,59
1819,59,53
1820,53,53
1821,53,53
1822,59,59
1823,53,53
1824,53,53
1825,59,59
1826,59,59
1827,53,53
1828,21,21
1829,21,21
1830,59,59
1831,53,53
1832,49,49
1833,21,21
1834,21,21
1835,53,53
1836,59,59
1837,21,21
1838,53,53
1839,30,53
1840,53,53
1841,59,59
1842,21,59
1843,21,21
1844,53,53
1845,53,53
1846,59,59
1847,22,59
1848,59,59
1849,53,53
1850,59,59
1851,53,53
1852,21,21
1853,21,21
1854,21,21
1855,21,21
1856,21,21
1857,21,21
1858,53,53
1859,59,59
1860,53,53
1861,53,53
1862,21,21
1863,59,59
1864,59,59
1865,30,53
1866,34,53
1867,59,59
1868,21,21
1869,21,21
1870,53,53
1871,59,59
1872,21,21
1873,53,53
1874,59,59
1875,53,53
1876,53,53
1877,59,59
1878,59,59
1879,59,59
1880,53,53
1881,30,30
1882,59,59
1883,59,53
1884,53,53
1885,21,21
1886,59,59
1887,59,59
1888,53,53
1889,21,21
1890,21,21
1891,45,21
1892,53,53
1893,53,53
1894,53,53
1895,53,53
1896,32,32
1897,53,53
1898,53,53
1899,53,53
1900,59,59
1901,8,53
1902,59,59
1903,21,21
1904,59,59
1905,53,53
1906,21,21
1907,53,53
1908,21,21
1909,59,59
1910,21,21
1911,59,59
1912,59,59
1913,53,53
1914,21,21
1915,21,21
1916,17,59
1917,17,59
1918,59,59
1919,53,53
1920,53,53
1921,59,59
1922,59,59
1923,21,21
1924,30,53
1925,34,53
1926,15,21
1927,59,59
1928,53,53
1929,53,53
1930,21,21
1931,21,21
1932,53,53
1933,21,21
1934,59,59
1935,59,59
1936,53,53
1937,53,53
1938,59,59
1939,59,59
1940,16,59
1941,53,53
1942,21,21
1943,21,21
1944,15,21
1945,59,59
1946,21,21
1947,53,53
1948,53,53
1949,22,59
1950,53,53
1951,59,59
1952,59,59
1953,21,21
1954,32,32
1955,59,59
1956,59,59
1957,32,59
1958,21,59
1959,21,21
1960,59,59
1961,58,58
1962,58,58
1963,58,58
1964,58,58
1965,58,58
1966,58,58
1967,58,58
1968,58,58
1969,20,20
1970,58,58
1971,58,58
1972,58,58
1973,58,58
1974,58,58
1975,58,58
1976,58,58
1977,58,58
1978,58,58
1979,58,58
1980,45,45
1981,58,58
1982,58,58
1983,58,58
1984,58,58
1985,58,58
1986,58,58
1987,58,58
1988,58,58
1989,58,58
1990,58,58
1991,58,58
1992,58,58
1993,58,58
1994,58,58
1995,58,58
1996,58,58
1997,46,58
1998,36,58
1999,59,59
2000,58,58
2001,58,58
2002,58,58
2003,58,58
2004,58,58
2005,58,58
2006,58,58
2007,58,58
2008,58,58
2009,58,58
2010,58,58
2011,58,58
2012,58,58
2013,58,58
2014,20,58
2015,58,58
2016,58,58
2017,58,58
2018,58,58
2019,58,58
2020,58,58
2021,58,58
2022,58,58
2023,58,58
2024,45,58
2025,58,58
2026,6,6
2027,6,6
2028,6,6
2029,6,6
2030,6,6
2031,55,6
2032,6,19
2033,22,6
2034,6,6
2035,6,6
2036,19,19
2037,55,55
2038,55,55
2039,55,55
2040,6,6
2041,6,6
2042,22,6
2043,19,19
2044,19,19
2045,19,19
2046,19,19
2047,6,6
2048,13,6
2049,55,55
2050,19,19
2051,6,6
2052,19,19
2053,12,6
2054,55,55
2055,55,55
2056,19,19
2057,26,55
2058,6,6
2059,6,6
2060,55,55
2061,19,19
2062,6,6
2063,19,19
2064,32,6
2065,19,19
2066,55,55
2067,19,19
2068,6,6
2069,6,6
2070,6,6
2071,6,6
2072,6,6
2073,55,55
2074,6,6
2075,55,55
2076,55,55
2077,6,6
2078,55,55
2079,6,6
2080,19,19
2081,6,6
2082,6,6
2083,6,6
2084,56,56
2085,56,56
2086,6,6
2087,55,55
2088,19,19
2089,0,55
2090,19,19
2091,19,19
2092,42,19
2093,19,19
2094,19,19
2095,6,6
2096,55,55
2097,55,55
2098,6,6
2099,19,19
2100,6,6
2101,19,19
2102,19,19
2103,19,19
2104,6,6
2105,19,19
2106,42,6
2107,6,6
2108,6,6
2109,51,55
2110,54,54
2111,42,2
2112,2,2
2113,54,54
2114,54,54
2115,54,54
2116,2,2
2117,2,2
2118,11,11
2119,42,42
2120,54,54
2121,54,54
2122,42,2
2123,2,2
2124,11,42
2125,54,54
2126,42,42
2127,54,54
2128,42,42
2129,42,42
2130,11,11
2131,11,11
2132,2,42
2133,22,42
2134,0,42
2135,2,2
2136,11,11
2137,2,2
2138,2,2
2139,42,42
2140,54,54
2141,2,2
2142,2,2
2143,2,42
2144,54,54
2145,2,2
2146,2,2
2147,42,42
2148,42,42
2149,42,42
2150,17,42
2151,42,42
2152,54,54
2153,2,2
2154,54,54
2155,13,42
2156,42,42
2157,19,19
2158,11,11
2159,42,42
2160,42,42
2161,42,42
2162,42,42
2163,11,11
2164,42,42
2165,54,54
2166,2,2
2167,2,2
2168,2,2
2169,42,42
2170,2,2
2171,42,42
2172,22,42
2173,2,2
2174,2,2
2175,54,54
2176,54,54
2177,54,54
2178,42,42
2179,42,42
2180,42,42
2181,2,2
2182,2,2
2183,54,54
2184,42,42
2185,42,42
2186,42,42
2187,42,42
2188,11,11
2189,11,11
2190,11,11
2191,2,2
2192,11,11
2193,22,42
2194,54,54
2195,54,54
2196,11,11
2197,2,2
2198,2,2
2199,2,2
2200,11,11
2201,54,54
2202,42,42
2203,54,54
2204,11,11
2205,42,42
2206,12,42
2207,2,2
2208,2,2
2209,2,2
2210,42,42
2211,42,42
2212,42,42
2213,42,42
2214,11,11
2215,49,42
2216,54,54
2217,2,2
2218,42,42
2219,42,42
2220,26,42
2221,11,11
2222,2,2
2223,2,2
2224,2,2
2225,54,54
2226,42,42
2227,19,42
2228,42,42
2229,49,49
2230,26,26
2231,26,26
2232,26,26
2233,49,49
2234,26,26
2235,26,26
2236,12,12
2237,49,49
2238,26,26
2239,9,9
2240,19,19
2241,39,39
2242,39,39
2243,9,21
2244,30,12
2245,12,12
2246,21,12
2247,26,26
2248,49,49
2249,49,49
2250,17,49
2251,54,12
2252,49,49
2253,39,39
2254,39,39
2255,49,49
2256,39,39
2257,26,49
2258,49,49
2259,49,26
2260,9,12
2261,17,49
2262,26,26
2263,26,26
2264,39,39
2265,49,12
2266,12,50
2267,50,50
2268,55,55
2269,33,12
2270,22,22
2271,39,39
2272,12,12
2273,39,39
2274,42,26
2275,11,42
2276,49,12
2277,49,12
2278,49,12
2279,12,12
2280,49,49
2281,49,49
2282,17,49
2283,26,26
2284,12,49
2285,49,49
2286,50,12
2287,39,39
2288,39,39
2289,16,19
2290,49,49
2291,26,12
2292,12,12
2293,12,12
2294,12,12
2295,12,12
2296,39,39
2297,26,26
2298,49,12
2299,39,39
2300,6,12
2301,49,49
2302,39,39
2303,33,47
2304,32,12
2305,49,12
2306,12,39
2307,39,39
2308,49,49
2309,12,12
2310,32,50
2311,39,39
2312,39,39
2313,6,12
2314,12,12
2315,12,49
2316,59,12
2317,49,49
2318,22,12
2319,26,26
2320,0,0
2321,49,49
2322,49,49
2323,49,12
2324,12,12
2325,13,12
2326,49,49
2327,49,12
2328,12,24
2329,39,39
2330,49,49
2331,10,10
2332,55,49
2333,49,49
2334,49,49
2335,49,49
2336,49,49
2337,49,49
2338,49,49
2339,6,12
2340,6,6
2341,49,26
2342,19,19
2343,49,49
2344,4,4
2345,0,10
2346,49,49
2347,49,49
2348,49,49
2349,10,10
2350,10,10
2351,10,10
2352,26,26
2353,1,49
2354,49,49
2355,49,12
2356,22,26
2357,26,26
2358,26,26
2359,49,49
2360,10,10
2361,4,4
2362,10,10
2363,10,10
2364,10,10
2365,22,12
2366,4,4
2367,49,49
2368,26,49
2369,12,12
2370,32,39
2371,49,49
2372,26,26
2373,9,49
2374,10,10
2375,49,49
2376,26,26
2377,22,4
2378,49,49
2379,10,10
2380,49,49
2381,49,49
2382,57,57
2383,4,4
2384,26,26
2385,49,49
2386,49,49
2387,26,26
2388,49,49
2389,13,49
2390,49,49
2391,10,10
2392,12,26
2393,26,26
2394,26,26
2395,49,49
2396,49,49
2397,13,12
2398,4,4
2399,10,10
2400,49,49
2401,10,10
2402,12,26
2403,22,26
2404,54,12
2405,49,49
2406,26,26
2407,12,49
2408,49,49
2409,49,49
2410,26,26
2411,39,39
2412,39,39
2413,10,10
2414,49,49
2415,49,49
2416,49,49
2417,10,10
2418,49,49
2419,49,49
2420,32,12
2421,10,10
2422,49,49
2423,4,4
2424,49,49
2425,49,12
2426,26,26
2427,26,26
2428,49,49
2429,49,49
2430,12,49
2431,4,4
2432,26,26
2433,10,10
2434,26,26
2435,26,26
2436,49,49
2437,49,49
2438,49,49
2439,49,49
2440,49,49
2441,42,49
2442,4,4
2443,4,4
2444,49,42
2445,39,39
2446,10,10
2447,49,49
2448,10,10
2449,10,10
2450,12,49
2451,49,12
2452,4,4
2453,39,39
2454,12,26
2455,49,49
2456,10,10
2457,49,49
2458,49,49
2459,12,12
2460,49,49
2461,49,49
2462,26,49
2463,49,49
2464,49,12
2465,4,4
2466,26,26
2467,12,12
2468,26,49
2469,49,49
2470,12,12
2471,49,12
2472,49,12
2473,12,49
2474,26,26
2475,49,49
2476,49,49
2477,4,4
2478,22,12
2479,12,26
2480,49,49
2481,12,12
2482,32,49
2483,26,26
2484,10,10
2485,49,49
2486,49,49
2487,49,49
2488,49,49
2489,10,10
2490,42,49
2491,26,12
2492,42,42
2493,4,4
2494,4,4
2495,13,12
2496,49,49
2497,26,26
2498,49,49
2499,49,49
2500,20,49
2501,49,49
2502,10,10
2503,38,10
2504,49,49
2505,4,4
2506,49,49
2507,49,21
2508,13,12
2509,4,4
2510,10,12
2511,49,49
2512,49,49
2513,26,26
2514,26,26
2515,49,49
2516,10,10
2517,49,49
2518,49,49
2519,49,49
2520,39,39
2521,10,10
2522,26,26
2523,4,4
2524,2,2
2525,9,9
2526,49,49
2527,10,10
2528,49,49
2529,26,26
2530,49,12
2531,49,49
2532,49,49
2533,26,26
2534,26,26
2535,12,26
2536,49,49
2537,49,49
2538,10,10
2539,49,49
2540,39,39
2541,26,26
2542,10,10
2543,10,10
2544,26,26
2545,49,49
2546,32,49
2547,26,49
2548,19,19
2549,49,49
2550,22,12
2551,4,4
2552,12,49
2553,49,49
2554,26,26
2555,10,10
2556,4,4
2557,13,49
2558,26,26
2559,49,49
2560,26,26
2561,49,49
2562,4,4
2563,49,49
2564,45,49
2565,32,4
2566,4,4
2567,4,4
2568,10,10
2569,49,49
2570,49,49
2571,14,12
2572,49,12
2573,12,12
2574,10,10
2575,26,26
2576,49,49
2577,26,26
2578,10,10
2579,49,49
2580,10,10
2581,49,49
2582,49,49
2583,49,49
2584,49,49
2585,49,49
2586,26,26
2587,49,49
2588,49,49
2589,10,10
2590,49,12
2591,10,10
2592,26,26
2593,26,4
2594,26,12
2595,27,27
2596,47,47
2597,47,47
2598,47,47
2599,44,27
2600,50,47
2601,50,47
2602,47,47
2603,47,47
2604,6,27
2605,27,27
2606,22,27
2607,27,27
2608,47,47
2609,22,22
2610,22,22
2611,47,47
2612,27,27
2613,27,27
2614,47,47
2615,27,27
2616,47,47
2617,27,27
2618,47,47
2619,47,47
2620,27,27
2621,47,47
2622,27,27
2623,27,27
2624,27,27
2625,27,32
2626,27,27
2627,50,47
2628,27,27
2629,27,27
2630,27,27
2631,47,47
2632,27,27
2633,27,27
2634,47,47
2635,47,47
2636,47,47
2637,47,47
2638,24,47
2639,47,47
2640,47,47
2641,33,47
2642,47,47
2643,47,47
2644,10,47
2645,33,47
2646,27,27
2647,47,47
2648,47,47
2649,47,47
2650,47,47
2651,47,47
2652,47,47
2653,17,47
2654,47,47
2655,47,47
2656,47,47
2657,47,47
2658,47,47
2659,27,27
2660,27,27
2661,47,47
2662,47,47
2663,47,47
2664,47,47
2665,47,47
2666,47,47
2667,47,47
2668,47,47
2669,47,47
2670,22,12
2671,34,12
2672,12,47
2673,47,47
2674,47,47
2675,47,47
2676,47,47
2677,47,47
2678,47,47
2679,47,47
2680,47,47
2681,47,47
2682,47,47
2683,47,47
2684,47,47
2685,47,47
2686,47,47
2687,47,47
2688,47,47
2689,47,47
2690,47,47
2691,59,47
2692,47,47
2693,47,47
2694,47,47
2695,47,47
2696,47,47
2697,47,47
2698,47,47
2699,47,47
2700,47,47
2701,47,47
2702,47,47
2703,15,15
2704,33,33
2705,44,44
2706,33,33
2707,44,44
2708,44,44
2709,44,44
2710,32,32
2711,49,17
2712,33,33
2713,33,33
2714,44,44
2715,17,17
2716,33,33
2717,33,33
2718,33,33
2719,22,44
2720,33,33
2721,33,33
2722,22,33
2723,33,33
2724,33,33
2725,44,44
2726,44,44
2727,44,44
2728,44,44
2729,33,33
2730,33,33
2731,44,44
2732,33,33
2733,17,17
2734,17,17
2735,33,33
2736,33,33
2737,44,44
2738,33,44
2739,19,44
2740,44,44
2741,44,44
2742,17,17
2743,17,17
2744,15,15
2745,33,33
2746,33,33
2747,44,44
2748,44,44
2749,33,33
2750,44,44
2751,33,33
2752,33,33
2753,33,33
2754,33,33
2755,44,44
2756,33,33
2757,44,44
2758,33,33
2759,44,44
2760,44,44
2761,33,33
2762,44,44
2763,33,33
2764,44,44
2765,33,33
2766,44,44
2767,44,44
2768,44,44
2769,44,44
2770,33,33
2771,33,33
2772,33,33
2773,44,44
2774,22,22
2775,33,33
2776,32,44
2777,44,15
2778,33,33
2779,32,44
2780,44,44
2781,33,33
2782,44,44
2783,44,44
2784,44,44
2785,44,44
2786,44,33
2787,33,33
2788,17,17
2789,17,15
2790,32,17
2791,32,17
2792,33,33
2793,44,44
2794,44,44
2795,33,33
2796,44,44
2797,17,17
2798,44,44
2799,44,44
2800,33,33
2801,33,33
2802,33,33
2803,33,33
2804,33,33
2805,44,44
2806,33,33
2807,33,33
2808,44,44
2809,44,44
2810,44,44
2811,44,44
2812,44,44
2813,44,44
2814,33,33
2815,33,33
2816,33,33
2817,44,44
2818,44,44
2819,33,33
2820,44,44
2821,33,33
2822,33,33
2823,33,33
2824,33,33
2825,44,44
2826,33,33
2827,44,44
2828,33,33
2829,33,33
2830,44,33
2831,44,44
2832,15,15
2833,33,33
2834,44,44
2835,44,44
2836,15,15
2837,44,44
2838,33,33
2839,33,33
2840,33,33
2841,15,33
2842,15,33
2843,17,17
2844,17,17
2845,50,17
2846,33,33
2847,33,33
2848,33,33
2849,44,44
2850,47,17
2851,17,17
2852,33,33
2853,33,33
2854,44,44
2855,33,33
2856,44,44
2857,33,33
2858,33,33
2859,33,33
2860,44,44
2861,33,33
2862,44,44
2863,44,44
2864,44,44
2865,44,44
2866,44,44
2867,44,44
2868,44,44
2869,44,44
2870,44,44
2871,15,15
2872,33,15
2873,33,33
2874,33,33
2875,33,33
2876,42,17
2877,17,17
2878,44,44
2879,44,44
2880,33,33
2881,44,44
2882,33,33
2883,44,44
2884,44,44
2885,44,44
2886,33,33
2887,44,44
2888,44,44
2889,44,44
2890,44,44
2891,44,44
2892,17,17
2893,33,33
2894,15,15
2895,33,33
2896,17,17
2897,44,44
2898,44,44
2899,44,44
2900,44,44
2901,33,33
2902,15,15
2903,44,44
2904,44,44
2905,33,33
2906,33,33
2907,17,17
2908,33,33
2909,33,33
2910,33,33
2911,44,44
2912,44,44
2913,33,33
2914,33,33
2915,44,44
2916,17,17
2917,15,15
2918,44,44
2919,33,33
2920,44,44
2921,44,44
2922,33,33
2923,33,33
2924,33,33
2925,33,33
2926,33,33
2927,33,33
2928,44,44
2929,17,17
2930,17,17
2931,44,44
2932,33,33
2933,44,44
2934,33,33
2935,44,44
2936,33,33
2937,33,33
2938,33,33
2939,33,33
2940,33,33
2941,33,33
2942,33,33
2943,44,44
2944,49,44
2945,15,15
2946,44,44
2947,44,44
2948,47,33
2949,44,44
2950,17,17
2951,17,17
2952,44,44
2953,44,44
2954,44,44
2955,17,17
2956,33,33
2957,44,44
2958,44,44
2959,44,44
2960,33,33
2961,44,44
2962,44,44
2963,44,44
2964,44,44
2965,33,33
2966,44,44
2967,33,33
2968,33,33
2969,33,33
2970,44,44
2971,44,44
2972,44,44
2973,44,44
